CarNumber,SURNAME
T6329O50RUS,BAKER
H917TC36RUS,CRUZ
9763HY161RUS,MARTIN
H003MH197RUS,REED
O64097197RUS,COOPER
7608EE777RUS,WOOD
7363C8197RUS,COLLINS
C803KE163RUS,ALLEN
7370C8197RUS,PRICE
T483CT96RUS,ROBINSON
H218X836RUS,ALVAREZ
Y8399C197RUS,HERNANDEZ
O68897197RUS,STEWART
O752MX161RUS,PEREZ
9886HX152RUS,REED
E40877152RUS,HALL
K889HY161RUS,PRICE
T6319O50RUS,DIAZ
E29577161RUS,RUIZ
8513XX154RUS,EVANS
Y964EE197RUS,MORRIS
C589EY154RUS,COOPER
9408H7178RUS,WILSON
94178K154RUS,PRICE
705387163RUS,TURNER
K326T8197RUS,MARTINEZ
92828M178RUS,HALL
T395KX197RUS,REED
M373CH197RUS,SANCHEZ
92928M178RUS,MORRIS
X256HE161RUS,MARTINEZ
Y187O8161RUS,TAYLOR
8224XX154RUS,COLLINS
T476KX197RUS,RIVERA
Y207O8161RUS,TORRES
T6439O50RUS,GARCIA
T6049O50RUS,COX
M256OH161RUS,DIAZ
X795O796RUS,ANDERSON
708487163RUS,WHITE
T941CC96RUS,ROGERS
934497178RUS,SMITH
99209X178RUS,WARD
E577HE77RUS,PARKER
7248C8197RUS,COLLINS
O50197197RUS,WATSON
9671EC178RUS,KING
Y7699C197RUS,COLLINS
Y7719C197RUS,GARCIA
K330T8197RUS,GUTIERREZ
H975HY161RUS,MURPHY
X023HY197RUS,THOMAS
T6449O50RUS,LONG
7829C8197RUS,STEWART
E79988152RUS,THOMAS
E816HE77RUS,HUGHES
O49797197RUS,CARTER
H234YH197RUS,BROOKS
O673E8197RUS,RIVERA
Y232E877RUS,COLLINS
7841C8197RUS,PEREZ
T914CT197RUS,HERNANDEZ
E591HE77RUS,MENDOZA
Y7229Y50RUS,MORRIS
E948C8152RUS,MENDOZA
E432XX77RUS,GRAY
O22397197RUS,MYERS
7828C8197RUS,RODRIGUEZ
Y359O8197RUS,PHILLIPS
7199MT197RUS,THOMAS
E53677152RUS,JIMENEZ
O719MM163RUS,SMITH
Y7709C197RUS,EVANS
9469EX178RUS,YOUNG
Y967O8197RUS,GREEN
X522OM161RUS,WARD
E0697X152RUS,NELSON
Y693HM197RUS,JOHNSON
O753MX161RUS,BENNETT
9428EX178RUS,ROBINSON
H387TM197RUS,WILSON
E811HE77RUS,MORALES
7826C8197RUS,WOOD
7193TT36RUS,MENDOZA
8325M7154RUS,RAMOS
H968HY161RUS,WALKER
X4108H125RUS,CARTER
M701T9152RUS,MORRIS
X255HE161RUS,JAMES
T6359O50RUS,MARTIN
9935TE152RUS,CAMPBELL
X286TC36RUS,COLLINS
C477M7161RUS,RICHARDSON
89557X197RUS,ADAMS
Y6829Y50RUS,HALL
H232YH197RUS,MOORE
Y163O8161RUS,MENDOZA
E394MO152RUS,MORGAN
73467Y96RUS,WHITE
C313MM99RUS,THOMAS
7783KT197RUS,ANDERSON
7147OE161RUS,ROSS
H906YK197RUS,PARKER
E316EH197RUS,ADAMS
8439XX154RUS,COOPER
7367C8197RUS,WRIGHT
Y358O8197RUS,MARTINEZ
T769OT197RUS,SCOTT
97998K152RUS,BROOKS
K2797K154RUS,CARTER
X782CO96RUS,BROOKS
X523OM161RUS,RUIZ
T399KX197RUS,CASTILLO
Y780EE197RUS,KELLY
T8008Y125RUS,BROOKS
T948OM96RUS,ANDERSON
T272HH163RUS,KELLY
Y6839Y50RUS,ANDERSON
72457Y96RUS,BAKER
M580CH197RUS,SANDERS
H971HY161RUS,BENNETT
Y7129Y50RUS,GOMEZ
X4138H125RUS,BAKER
7844C8197RUS,SMITH
K436MO152RUS,TURNER
98037H178RUS,COOK
T020MM116RUS,NELSON
E552MO152RUS,RAMOS
E28777161RUS,LONG
M6977E152RUS,CASTILLO
M372CH197RUS,MOORE
O481OH77RUS,SANCHEZ
8166XX154RUS,WARD
H966HY161RUS,WALKER
X765HY197RUS,CRUZ
K339T8197RUS,MURPHY
7360C8197RUS,MARTIN
8234XX154RUS,ROBERTS
X015HY197RUS,RICHARDSON
O143HO197RUS,ALLEN
M298CH161RUS,MORGAN
8611T8154RUS,SANDERS
K899T8197RUS,HARRIS
T6419O50RUS,HILL
9182CE154RUS,DIAZ
H917TC32RUS,ADAMS
GW17TC22RUS,SMITH
EW17TC21RUS,PETER
